wallet,recipient_gross,recipient_net,referrer,referral_amount
8Yx1VnQq1a2s3d4f5g6h7j8k9L0pQwErTzYx1VnQ,72857142,72857142,,0
3Jk2Lm4N8o9PqRsTuVwXyZaBcDeFgHiJkLmNoPqR,43714285,33222857,8Yx1VnQq1a2s3d4f5g6h7j8k9L0pQwErTzYx1VnQ,10491428
9AbCdEfGhIjKlMnOpQrStUvWxYz1234567890AbC,29142857,29142857,,0
7GhJkLmNoPqRsTuVwXyZaBcDeFgHiJkLmNoPqRsT,58285714,44297143,3Jk2Lm4N8o9PqRsTuVwXyZaBcDeFgHiJkLmNoPqR,13988571
AaBbCcDdEeFfGgHhIiJjKkLlMmNnOoPpQqRrSsT,14571428,11074286,8Yx1VnQq1a2s3d4f5g6h7j8k9L0pQwErTzYx1VnQ,3497142
ZzYyXxWwVvUuTtSsRrQqPpOoNnMmLlKkJjIiHhGgF,87428571,87428571,,0
L1M2N3O4P5Q6R7S8T9U0V1W2X3Y4Z5A6B7C8D9E,29142857,22148572,ZzYyXxWwVvUuTtSsRrQqPpOoNnMmLlKkJjIiHhGgF,6994285
QwErTyUiOpAsDfGhJkLzXcVbNm1234567890QwEr,43714285,43714285,,0
PoIuYtReWqAsDfGhJkLzXcVbNm0987654321PoIu,58285714,44297143,QwErTyUiOpAsDfGhJkLzXcVbNm1234567890QwEr,13988571
NkLmOpQrStUvWxYzAbCdEfGhIjKlMnOpQrStUvWx,29142857,22148572,7GhJkLmNoPqRsTuVwXyZaBcDeFgHiJkLmNoPqRsT,6994285
X1Y2Z3A4B5C6D7E8F9G0H1I2J3K4L5M6N7O8P9Q,14571428,11074286,3Jk2Lm4N8o9PqRsTuVwXyZaBcDeFgHiJkLmNoPqR,3497142
B2V4C6X8Z0A2S4D6F8G0H2J4K6L8M0N2P4Q6R8S,29142857,29142857,,0
