wallet,weight,referrer
8Yx1VnQq1a2s3d4f5g6h7j8k9L0pQwErTzYx1VnQ,5,
3Jk2Lm4N8o9PqRsTuVwXyZaBcDeFgHiJkLmNoPqR,3,8Yx1VnQq1a2s3d4f5g6h7j8k9L0pQwErTzYx1VnQ
9AbCdEfGhIjKlMnOpQrStUvWxYz1234567890AbC,2,
7GhJkLmNoPqRsTuVwXyZaBcDeFgHiJkLmNoPqRsT,4,3Jk2Lm4N8o9PqRsTuVwXyZaBcDeFgHiJkLmNoPqR
AaBbCcDdEeFfGgHhIiJjKkLlMmNnOoPpQqRrSsT,1,8Yx1VnQq1a2s3d4f5g6h7j8k9L0pQwErTzYx1VnQ
ZzYyXxWwVvUuTtSsRrQqPpOoNnMmLlKkJjIiHhGgF,6,
L1M2N3O4P5Q6R7S8T9U0V1W2X3Y4Z5A6B7C8D9E,2,ZzYyXxWwVvUuTtSsRrQqPpOoNnMmLlKkJjIiHhGgF
QwErTyUiOpAsDfGhJkLzXcVbNm1234567890QwEr,3,
PoIuYtReWqAsDfGhJkLzXcVbNm0987654321PoIu,4,QwErTyUiOpAsDfGhJkLzXcVbNm1234567890QwEr
NkLmOpQrStUvWxYzAbCdEfGhIjKlMnOpQrStUvWx,2,7GhJkLmNoPqRsTuVwXyZaBcDeFgHiJkLmNoPqRsT
X1Y2Z3A4B5C6D7E8F9G0H1I2J3K4L5M6N7O8P9Q,1,3Jk2Lm4N8o9PqRsTuVwXyZaBcDeFgHiJkLmNoPqR
B2V4C6X8Z0A2S4D6F8G0H2J4K6L8M0N2P4Q6R8S,2,
